<?xml version="1.0" encoding="utf-8"?>
<odoo>
    <data noupdate="1">

        <!--creating scheduled action-->
        <!--Video : https://www.youtube.com/watch?v=_P_AVSNr6uU-->
        <record id="test_patient_cron" model="ir.cron">
            <field name="name">Check Patient Status</field>
            <field name="model_id" ref="model_hospital_patient"/>
            <field name="type">ir.actions.server</field>
            <field name="state">code</field>
            <field name="code">model.test_cron_job()</field>
            <field name="interval_number">1</field>
            <field name="interval_type">days</field>
            <field name="numbercall">-1</field>
        </record>

    </data>
</odoo>